dealer_no,dealer_name,distributor_name,city,state,ADD_TO_TAB,turnkey_phone,website
10122026,"Ron's Heating & Cooling","ECCO Supply",Agassiz,"British Columbia",CANADA,604-798-5981,
8816,"ALL TEMP HEATING & COOLING","G W Berkheimer Co Inc","SOUTH BEND",Indiana,NORTH,,ALLTEMPSOUTHBEND.COM
1402,"DUNWIDDIE HEATING & AIR CONDITIONING","G W Berkheimer Co Inc",BLUFFTON,Indiana,NORTH,,dunwiddieheating.com
TEMP-002,Eco,"Hercules Ind",Logan,Utah,NORTH,"ECO SYSTEMS",https://g.co/kgs/Wju1dvf
975,"H & H SUPPLY","Famous Supply Co",MANSFIELD,Ohio,NORTH,,
1734,"Hero Heating & Air Conditioning Inc","G W Berkheimer Co Inc",DeKalb,Illinois,NORTH,,WWW.HEROHEATING.COM
11276,"KMK HEATING & AIR","G W Berkheimer Co Inc","CEDAR LAKE",Indiana,NORTH,,www.kmkheating.com
1349,"KROOSWYK PLUMBING & HTG","G W Berkheimer Co Inc",DEMOTTE,Indiana,NORTH,,https://krooswykplumbingheating.com/
2589,"R & P HEATING AND COOLING","G W Berkheimer Co Inc",VALPARAISO,Indiana,NORTH,,WWW.RPHVAC.COM
1423,"Standard Plumbing Heating & A/C","G W Berkheimer Co Inc",Plymouth,Indiana,NORTH,219-763-4247,
6575,"UNIQUE HEATING and Cooling","G W Berkheimer Co Inc",Delphi,Indiana,NORTH,765-588-3947,www.uniqueheatcooling.com
