Business Name,Phone,Website,Logo URL
247 Heating and Air,402-450-1144,247heatingandair.com,https://drive.google.com/file/d/1uUgBq8svKmD00gzHMLX14oFxFHZYs3wu/view?usp=drive_link
"2B COOL Services, LLC",940-600-2997,0,https://drive.google.com/file/d/1XBbwxe6ZWq4j-NU8mvA61Se_qMlmPDSW/view?usp=drive_link
A and Z Mechanical,719-599-5447,aandzmechanical.com,https://drive.google.com/file/d/15Zig2RG5kgbhJpO4g9nk-VdTpHeMigMC/view?usp=drive_link
AccuMax Heating and Cooling,630-800-1598,accumaxinc.com,https://drive.google.com/file/d/1mMVHopn9FBTygeONxPvYJ5U5djVnIqeT/view?usp=drive_link
Advanced Air Solutions Systems,252-946-6474,advancedairnc.com/,https://drive.google.com/file/d/18dYsL3__7Pwm5dhldEpso_PD-vVkYU6j/view?usp=drive_link
Advanced Solutions LLC,715-205-9582,advancedsolutionsllc.com,https://drive.google.com/file/d/1BmFsodgfAqa32AC-kmRIFLafvkG0DlTP/view?usp=drive_link
Advantage Heating and Cooling,269-966-9595,hotairnow.com,https://drive.google.com/file/d/1SX1DtPMmtVa47bn5w7yitJwBMoYzas3I/view?usp=drive_link
Air 911 Heating and Cooling LLC,423-633-8909,air911hvac.com,https://drive.google.com/file/d/1mlymvwBj8egpUnhj6x9cqYw1UqP_7qvw/view?usp=drive_link
Air Repair Heating and AC,210-599-2900,airrepairsa.com,https://drive.google.com/file/d/18aCVrEvGUmsPCVrPrCSMxZrRslI4Xcce/view?usp=drive_link
Air System Experts Air Conditioning and Heating Service,956-784-9739,rgvairsystemexperts.com,https://drive.google.com/file/d/1Kc98Z1Diy2hMMrkZcm5lGayOg6ebQSso/view?usp=drive_link
Air Technicians Inc.,847-265-1400,airtechnicians.com,https://drive.google.com/file/d/10cDO7KCxCDtehRhIRDx9xyfg_eP8BeHI/view?usp=drive_link
"Airtech Mechanical Services, Inc.",252-636-5841,airtechnc.com,https://drive.google.com/file/d/15yQxHbV7QuZXCQq28bShQ0Y1Nx6Q_Orw/view?usp=drive_link
All Temp Heating and Cooling,574-277-4240,alltempsouthbend.com,https://drive.google.com/file/d/1tXp4WBIRE3nZ6A61eI_tYswlUn63UfyH/view?usp=drive_link
"Angleton Sheetmetal Services, Inc.",979-848-1022,asmhvacpro.com,https://drive.google.com/file/d/1EbrYR0USKoGyWYQIJ2uZBzuiN0sO0Eti/view?usp=drive_link
Aquilla Air,254-694-9452,aquillaair.com,https://drive.google.com/file/d/1gKiQfxaAvCNjZVaSJRnTHn25Odaywm6g/view?usp=drive_link
Arctic Air Conditioning and Heating,409-299-5584,arctictexas.com,https://drive.google.com/file/d/1Lc5iELpCJcv37vxUVzfVFXPTd-dHNMcn/view?usp=drive_link
Arctic Air Works LLC,337-317-9959,facebook.com/arcticairworksllc,https://drive.google.com/file/d/1ZMT_ggJmwGJqQaedx9TydLQYtf1rmO47/view?usp=drive_link
Arctic Fire Heating and Cooling,267-210-2874,arcticfirehvac.net,https://drive.google.com/file/d/138Wd7mDMssyx5DvT6EmLId5Io5AhzSAb/view?usp=drive_link
Art Smith and Son,610-780-9350,artsmithandson.com,https://drive.google.com/file/d/1kzEUZadCXgCuq8P9tBgVJjRzb6kk7mJz/view?usp=drive_link
Astro Tex Air Conditioning and Heating,713-451-9999,astrotexair.com,https://drive.google.com/file/d/1Rxfb60F-0ZioHpd87JFiVGH0eq8MVumg/view?usp=drive_link
At Temp Mechanical,224-848-9229,attempmechanical.com,https://drive.google.com/file/d/1B4r0ScKoSPLMPpEqk3bg55-oiKs8KW5G/view?usp=drive_link
Atlantic Comfort Systems,973-866-5635,atlanticcomfortsystems.org,https://drive.google.com/file/d/1_IxSvVrzcW5xEhJXkPFRH6xF10oAlnQ6/view?usp=drive_link
Aviation Mechanical LTD,306-343-7781,aviationmechanical.ca/?fbclid=iwar1fbgxawizclcut4gjrmjn4wlwa3rykdopy7vpwuv_tujrqdcoyfjgg,https://drive.google.com/file/d/10LjN5clG0DTjz2GucrtB6gU_TZzWN_FS/view?usp=drive_link
B and C Plumbing and Heating,507-545-9000,bcplumbingheating.com,https://drive.google.com/file/d/1DIKmg2FsaWMalTfvHgm37iP0kKTnEstZ/view?usp=drive_link
B and G Mechanical LLC,610-944-4182,bgmechanicalllc.com,https://drive.google.com/file/d/1YWlVXKtBoBuqNTAMVLUAXvxR-biIKkgU/view?usp=drive_link
Bilco Air Conditioning and Heating,936-646-6691,bilcoair.com,https://drive.google.com/file/d/1Bls4SCXuWJKl8RkvapvzwaBxDJIs4Z2J/view?usp=drive_link
Bill Mohn Heating and Cooling,484-796-1685,billmohnheatandac.com,https://drive.google.com/file/d/1M5HKrgt7tHZdPbwJw9l2gk6nIgGnXLsY/view?usp=drive_link
Bird Ventilation and Gasfitting LTD.,250-540-0398,,https://drive.google.com/file/d/1cMIPAGu7GqxkNO_-UIuBEZg-jgaX_UsX/view?usp=drive_link
Blue Valley Heating and Cooling,303-993-2645,bluevalleyheatingcooling.com,https://drive.google.com/file/d/1-sZnItFvJRa4U_xd7-Dy2zlfpTkyxkxs/view?usp=drive_link
Brian's Heating and Air Conditioning,630-333-3351,briansheating.com,https://drive.google.com/file/d/1QECmJGbdTZipT5gof5Be89yH4gj1QkVQ/view?usp=drive_link
Brothertons Heating & Air,423-494-2088,r.brotherton62@gmail.com,https://drive.google.com/file/d/1dO999sdl-jy2gZkld68wGRHvx56knA6r/view?usp=drive_link
C and G Mechanical LLC,346-857-4139,cgm-hvac.com,https://drive.google.com/file/d/1tG6ixmwW9n6ZbdMDKfj79WVjG3z9AIvS/view?usp=drive_link
Campbells Heating and Cooling,928-326-3709,CAMPBELLSHEATINGANDCOOLING.COM,https://drive.google.com/file/d/1Q781E3FAKsOwu0Li71kDv2NhqO7RLupA/view?usp=drive_link
Carstens Plumbing and Heating,641-648-5277,carstens.ruudpropartner.com,https://drive.google.com/file/d/1noYYEWPP6C2jTNLi__IBk2EArRzu8Xbl/view?usp=drive_link
Carter Air,252-277-2700,carterairheatcool.com,https://drive.google.com/file/d/1Zchrd0zCY5BpzjhbD9lH77LbJiluASvb/view?usp=drive_link
Centroplex Service Company,254-662-3970,centroplexservice.com,https://drive.google.com/file/d/1ZonDDrZmonKif19vAeeBXkE-FWpCpIeK/view?usp=drive_link
Chase Heating and Cooling,630-551-5332,chasemechhvac.com/,https://drive.google.com/file/d/1Ihji9eiWObVF73DjZnPIkFzMSrpxvdyP/view?usp=drive_link
Chipps Residential Services LLC,724-366-8046,crsheating.com,https://drive.google.com/file/d/1NiwFbzXko3KhKfVzOg5cdno_1RkFb1i6/view?usp=drive_link
Clear Sky Heating and Air,219-362-1613,clearskyhvac.com,https://drive.google.com/file/d/1Mb6Y-c5W2m6TaPtcwGYghTzENse0sSwE/view?usp=drive_link
Colorado Air Solutions,720-771-2237,coloradoairsolutions.com,https://drive.google.com/file/d/1_abvO1ABrODJ3ZaEZCitEri-fa83lEmm/view?usp=drive_link
Comfort Connect Air Conditioning and Heating,210-380-4497,comfortconnectac.com,https://drive.google.com/file/d/1v62LvQG-ozKI-ncWbvD--Lv4JwuPiYh2/view?usp=drive_link
ComfortPro Solutions,936-577-2695,mycomfortpro.com,https://drive.google.com/file/d/1F4juuEvQAoo7Dl_M_1yEFi_-usRpDZBE/view?usp=drive_link
Cool Experts AC,972-362-8757,coolexpertsac.com,https://drive.google.com/file/d/1xuidq7l7aBDnWD9sj1bkclr-KoIRD6yh/view?usp=drive_link
Cortina Heating and Cooling,708-888-1504,facebook.com/HeatingandCoolingCortina,https://drive.google.com/file/d/1eiXb2c85CHHnB__RX2V8ZgQ0Fy0RY5rp/view?usp=drive_link
Dave Lane's Hi-Tech Mechanical,713-960-4269,davelaneair.com,https://drive.google.com/file/d/1Zw5p1IcbLtzYNNDfblSPhNnaej-O-X5D/view?usp=drive_link
DeLong and Sons HVAC,484-638-2837,delongandsonshvac.com,https://drive.google.com/file/d/19ZLf-cPfkN5_JcT-4fV5Qp3rvwp_ba8X/view?usp=drive_link
Delta Heating and Air,308-750-0213,facebook.com/DeltaHtgAir/,https://drive.google.com/file/d/1vl6SrbN_RJsZDHrtUPytiBibpAlDVPEs/view?usp=drive_link
Derek Pike HVACR,641-530-5845,derekpikehvacr.com,https://drive.google.com/file/d/1qWTpCY5Cg5_hhDVNH7d9Tt8Oo_K1nEhi/view?usp=drive_link
"Dunwiddie Heating, Air Conditioning and Plumbing",260-824-1999,dunwiddieheating.com,https://drive.google.com/file/d/1zHMYVwzn8gSjn9rtewU-dDT5qxqHHcsh/view?usp=drive_link
Dye Plumbing and Heating Service Co.,219-362-6251,dyeplumbing.com,https://drive.google.com/file/d/1viHMp34j-o05Z-VoZRqTRBpdCiCTnSWu/view?usp=drive_link
East Coast Mechanical Contractors,732-751-8877,ecmchvac.com,https://drive.google.com/file/d/1AxndcKuWmsBAauqha8fyQ3eSOzsXtg7D/view?usp=drive_link
Eco Systems Heating and Air,ECO SYSTEMS,g.co/kgs/wju1dvf,https://drive.google.com/file/d/17xWN8vybXN72K2XtLFx4uCPd6BHrtekP/view?usp=drive_link
Elite AC Solutions,252-773-3119,eliteacsolution.com,https://drive.google.com/file/d/1mAfgXxgUqTuK0eEsZp4DPElKt6caDXXp/view?usp=drive_link
Everest Air Heating and Cooling,865-233-4332,everestairheatingandcooling.com/,https://drive.google.com/file/d/140gU11mTkoZo-brkms4X0PQKSIUzZpd6/view?usp=drive_link
Fondas Plumbing and Heating,403-347-4848,fondasplumbing.com,https://drive.google.com/file/d/1zMFEzE_EHNOb6Be2g49wXwoK0x070RG2/view?usp=drive_link
Frank DeVos National Heating & Cooling,586-949-1818,frankdevos.com,https://drive.google.com/file/d/1K27n-0bLefNkKz8VFK-fD-CurT_oxs4D/view?usp=drive_link
Frankum AC and Heating,979-548-2665,frankumac.com,https://drive.google.com/file/d/1fgxdNbco4redoU2XpIFW9udWC6C1RAlr/view?usp=drive_link
G and L Services,423-242-8257,glservicesinc.net,https://drive.google.com/file/d/1r_EGBwJ9Iq7FqiLos0f5ev5bMnhY536b/view?usp=drive_link
GB Comfort Services,973-440-7087,gbcomfortservices.com,https://drive.google.com/file/d/1lRkDmkYJGDtIyIVU1fd2MgE-VyFjcX2H/view?usp=drive_link
Gering Valley Plumbing and Heating,308-436-4617,gvpman.com,https://drive.google.com/file/d/1eXM1mZKDBVhg6yWCHZ6YimoGxe0_IyMH/view?usp=drive_link
Ginsel Heating and Air,936-661-9123,ginselhvac.com,https://drive.google.com/file/d/1tGUfxyljCKkVCarCbHIp8PIFpV674dca/view?usp=drive_link
"H and H Plumbing, Heating and Cooling",419-522-5852,handhsupply.com,https://drive.google.com/file/d/1r-hceYaYefWVDN437BHKBHr-ZiXmPTKm/view?usp=drive_link
H.E.R.O. Heating and Air Conditioning,815 756-8936,HEROHEATING.COM,https://drive.google.com/file/d/1j8i7yBC4wrZK2OspuijoG6v3d4gufdb_/view?usp=drive_link
"Hansen Heating, Plumbing, and Air Conditioning",847 851-4235,hansenheatingandplumbing.com,https://drive.google.com/file/d/1XMLH7ODZFjm5wnO-wsGZvld9hCUQYcfB/view?usp=drive_link
Hensley Heating and Cooling LLC,682-233 0773,hensleyheatingandcooling.com,https://drive.google.com/file/d/10qK92nNzff5f7yIAbTOwCVmf14nGLmMb/view?usp=drive_link
High Performance Home Systems,713-352-3588,highperformancehomesystems.com,https://drive.google.com/file/d/1nVEuXw3oiiiJ8pc_lB4SK5UsDdYg-dAk/view?usp=drive_link
Icon Heating and Cooling,513-998-4266,iconcomfort.com,https://drive.google.com/file/d/1TV-sVPSVhb5xwn2awDZBkfBhOKcuNZ1C/view?usp=drive_link
Integrity AC LLC,409-242-4441,integrityacllc.net,https://drive.google.com/file/d/1EAe6OI3huDv5IC5VjuoRsvMBWR_LRczm/view?usp=drive_link
"J. Golden Plumbing, Heating and Cooling",267-716-1649,jgoldenphc.com,https://drive.google.com/file/d/1P7vJO0KayCaEAtrCoYzNatamtK6KfRw8/view?usp=drive_link
Jeff's Heating and Cooling,260-247-0075,jeffsheatingandcooling.com,https://drive.google.com/file/d/1INzFEqLOarozrgrhkJAn_ldm2piZTlmH/view?usp=drive_link
Jim and Dude's Plumbing Heating and Air Conditioning,507-373-6161,jimanddudes.com,https://drive.google.com/file/d/1VD2smv0Id85oBN7T9LGM6md5dwYpT6Qx/view?usp=drive_link
Justin Time Plumbing and Heating,574-780-2245,justintimeplumbingandheating.com,https://drive.google.com/file/d/1nldG-RAygQx_1kROVCDJwJoXBBXHU91n/view?usp=drive_link
KMK Heating and Air Conditioning,708-895-5394,kmkheating.com,https://drive.google.com/file/d/1RFjFERrnhYc5bVVt1AqyE3_rbcAovxFq/view?usp=drive_link
KTS Heating and Air and Refrigeration,281-656-1466,houstonsac.com,https://drive.google.com/file/d/1rWPW30CQfgOgw6ib18FRaTLJKjds6kSh/view?usp=drive_link
Kennedy's Heating and Air Conditioning,910-766-8822,kennedysheatingandair.net,https://drive.google.com/file/d/1BiOYuock1AkPEZm8hnsPRI35MsGNvPbo/view?usp=drive_link
Kerr County AC and Heating Services,830-238-3848,kerrcountyac.com/hunt-tx,https://drive.google.com/file/d/1E2JJKseWOf0xqYhXtzyn5oKTUjR9AQH2/view?usp=drive_link
Krooswyk Plumbing Heating and Air Conditioning,219-576-6252,krooswykplumbingheating.com,https://drive.google.com/file/d/1PE49w5daW-D-wNcasp8sKPNjZTkToAIP/view?usp=drive_link
Lakefront Heating and Air,218-562-2043,LakefrontHVAC.com,https://drive.google.com/file/d/1jO1mfZDDVF2NBNJmLyNm-FiZDGs-cbGc/view?usp=drive_link
Laramie Mechanical and Heating Systems,307-745-7255,laramieheating.com,https://drive.google.com/file/d/19t-F9EQyhRlss6QLrqrBTQoI8qe7LAF6/view?usp=drive_link
Leonard Heating and A/C,507-291-6906,leonardheating.com,https://drive.google.com/file/d/1CI7gUkf3DGMPYMurHNvHkWx6MyBVzE5U/view?usp=drive_link
Majeski Plumbing & Heating,651-437-3823,majeskiplumbinginc.com,https://drive.google.com/file/d/1nMOggnVHP4hQiaOmr8_RvILlwGSqHNv0/view?usp=drive_link
Marcos' AC and Heating Services,346-230-3019,marcosac.com,https://drive.google.com/file/d/1WB2raVsPHRnfVn1VovDic1Vxjq1ws92m/view?usp=drive_link
McCoy Boys HVAC,303-668-8424,facebook.com/McCoyBoysHVAC,https://drive.google.com/file/d/1YhE9ZTMXHedGDTyauioVOtzzR15jCUoG/view?usp=drive_link
McDonald Mechanical Services,409-988-2966,mcdonaldmechanicalservices.com,https://drive.google.com/file/d/1MbJz-HX63ALFmDptoBnDt-5j6QqLrJ9M/view?usp=drive_link
Mesquite Heating & Air Conditioning,972-289-7414,mesquiteheatingandair.com,https://drive.google.com/file/d/1802nNscPXZwesNol01pBI4mp7dFTgrIg/view?usp=drive_link
Metro Maintenance,252-977-2730,metro-maintenance.com,https://drive.google.com/file/d/1KdTSn6uWpC_91H5e2SvCb0C4n-ci6R4Z/view?usp=drive_link
My Guys Heating and Air INC.,765-269-7276,myguysair.com,https://drive.google.com/file/d/1amImf1FwN9QcLPkPcZkf4YFaLa900R19/view?usp=drive_link
NC Heating and Air,252-756-2166,myhvacfriend.com,https://drive.google.com/file/d/1CEC1EWoL4zvibuQPMCiv46PM9N0McI18/view?usp=drive_link
NSG Heating and Air Specialists,817-993-4822,nsgair.com,https://drive.google.com/file/d/1DAqlUvqeCCAAwSu1BUhH0eF62uihf1x1/view?usp=drive_link
North Country Plumbing and Heating,218-692-3000,northcountryplumbing.com,https://drive.google.com/file/d/1TWZE2PAq4yjLtEVGdnfTZuqJMhdHotgZ/view?usp=drive_link
Northern Air Plumbing and Heating,218-927-6828,northernairplumbing.com,https://drive.google.com/file/d/1-huLfcqXSjZtnoB3ZfH_FW8Cq8UePp0Y/view?usp=drive_link
OTT Mechanical LLC,936-537-1851,ottmechanical.com,https://drive.google.com/file/d/1XuI6wzW1WjT0YwS_xR2lAHgeFOIxOxUP/view?usp=drive_link
Otis Heating and Air Conditioning,281-328-3255,otisac.com,https://drive.google.com/file/d/1OKmPLAoEQeZ5v9AIWTfDDwSD84DQ2X47/view?usp=drive_link
"Paramount Plumbing, Heating and Air Conditioning",610-321-1788,paramountplumbinghvac.com,https://drive.google.com/file/d/1-6Ofzu92zW54msUrxp1hmCo2s0wymjLR/view?usp=drive_link
"Patriot Plumbing, Heating and AC",402-464-7411,patriotlincoln.com,https://drive.google.com/file/d/1Vn26j0E6lFWplZuVm9LcQ5R1u2DuiQ7u/view?usp=drive_link
Peace Heating and Air,817-855-7014,peaceheatingandair.com,https://drive.google.com/file/d/15ZdmBcSG_3f_Ye16B-ruUg_syccgsrnV/view?usp=drive_link
Perfection Heating and Air Conditioning,651-777-7620,perfectionheating.com,https://drive.google.com/file/d/1TkAMK0mn3exDJi06cQEzGu6NrhaWjaRm/view?usp=drive_link
"Plumbers Mechanical Group, LLC",507-452-7587,pmgllcmn.com,https://drive.google.com/file/d/1KWwJNrWgfeV0fim38r_eZVQb8DuC_PJS/view?usp=drive_link
"Premier Services Group, Inc",865-558-5711,premierserviceshvac.com,https://drive.google.com/file/d/1Te4Kvgv0j_w0ikwBzajML9gTpl2aeR5h/view?usp=drive_link
Prevent Services,865-213-2771,preventservicestn.com,https://drive.google.com/file/d/1NOTabQ2z3TdljEfl3xIbv6UK_6qkx4zW/view?usp=drive_link
Priority One Heating and Cooling,515-675-4445,callpriorityone.com,https://drive.google.com/file/d/1lI8drXEbQcIJvK9m1RHXjDwO1CbfYknc/view?usp=drive_link
Putnam Service,817-645-8011,putnamservice.com,https://drive.google.com/file/d/1xiUBE4GC70EM7MgffwNDG7tAi5vLzzwY/view?usp=drive_link
R and P Heating and Cooling,219-465-3232,rphvac.com,https://drive.google.com/file/d/1JNYsdvPO2uaxHAcz1fed_B9QMa6MF55x/view?usp=drive_link
Robertson's Heating and Electrical LLC,225-659-7110,,https://drive.google.com/file/d/11jkvhXdZeKKKbBA1OV4crjtKhyK8H1Wy/view?usp=drive_link
Ron's Heating and Cooling,7409225252,ronsheatingandcooling.com,https://drive.google.com/file/d/1A-J07vDDLeleYEshHz25thNapHcVOqvd/view?usp=drive_link
Santos Mechanical LLC,484-890-4479,santosmechanical.com,https://drive.google.com/file/d/1VtAI6_q8o3Ke3uclwK4tjxXjbehRE_F3/view?usp=drive_link
"Scott Plumbing & Heating Co, INC",252-745-5135,scottph.com,https://drive.google.com/file/d/1fUF1s5gZlolfLO3S_cD5FThjZ4mXaYXU/view?usp=drive_link
Sgt. Paul Heat and Air Conditioning,423-836-1831,sgtpaulheatandair.com,https://drive.google.com/file/d/1wMqAkC1QIZj1JlaRAtYyXpuWQSm0UDf3/view?usp=drive_link
Simply Comfortable Heating and Cooling,847-894-8000,simplycomfortable.com,https://drive.google.com/file/d/18Q7u7rE7ys3wDHIWgkIJaNOary0AKimQ/view?usp=drive_link
Smart Air LLC,223-221-2589,smartairhvac.com,https://drive.google.com/file/d/1Up_OSuSCPhXHtrpDSveDzZ2e60aAiQWk/view?usp=drive_link
Sonnyreena Mechanical AC and Heat Repair,214-380-3399,sonnyhvac.com,https://drive.google.com/file/d/1RonG53Ks9CvKOdC77r0EVPPzYQ5C6N0p/view?usp=drive_link
"Standard Plumbing, Heating, and AC",574-936-4660,standardphc.com,https://drive.google.com/file/d/1qq2hYB59Fgkz2s4_7dogxTFbUsuuxOMg/view?usp=drive_link
Stephany Heating and Air Conditioning LLC.,219-324-7894,stephanyheating.com,https://drive.google.com/file/d/1aLOJPYjDAdErCb5lH0ZrPdkxN3SkyTMb/view?usp=drive_link
Stocker Heating and Cooling,970-644-5117,stockerheating.com,https://drive.google.com/file/d/1nGbLZ_72VXdqI9QbWCKkedxXIvDAW5ax/view?usp=drive_link
Texcellent Heating & Cooling,281-402-5100,texcellentacservice.com,https://drive.google.com/file/d/1IkqNGDwEPihC4IavIlgK9x1H9DWKKCoW/view?usp=drive_link
Titan Heating and Air,423-386-3030,titanhtgair.com,https://drive.google.com/file/d/1j0fclfKBbsTx4MUniMWBNrR3hxQwRm7H/view?usp=drive_link
Total Comfort Air Solutions,979-321-7181,totalcomfortbcs.com,https://drive.google.com/file/d/18JvuXRKdBPn60eFexqeBSZqIdagAIsD4/view?usp=drive_link
Tri City Heating and Air,308-379-1185,tricityheating-air.com,https://drive.google.com/file/d/1zzHaN50kB3v8sbAzkCt1WRXP8dTt1nVv/view?usp=drive_link
Trotter Air Services,972-424-9233,trotterair.com,https://drive.google.com/file/d/19FGej6q1xGijyv0MWqw4giXOV-OqCENX/view?usp=drive_link
Turner Refrigeration LLC,423-881-4664,turnerrefrigeration.com,https://drive.google.com/file/d/1LGSwRxUJ9QQdKshkwTBvZEjBF0NyLnjl/view?usp=drive_link
Unique Heating and Cooling,765-497-2129,uniqueheatcooling.com,https://drive.google.com/file/d/1g6yQ1Vl62elO5vmn8i22YMcAddG4XMQV/view?usp=drive_link
Universal Climate Control,409-748-0226,universalclimatecontrol.com,https://drive.google.com/file/d/1a0Mu2WoHtWmMerKH_WifAdYxGdGj8LI6/view?usp=drive_link
"Whetzelâ€™s Heating and Air, LLC",740-509-6422,,https://drive.google.com/file/d/1WxRo9rpr8oApVG9XHinXr97_-ygfefNY/view?usp=drive_link
Williamson's AC Contracting,817-367-2074,williamsonac.com,https://drive.google.com/file/d/1QzNPCpuOfEEcE5rU9BGWc-Y9X2D-WrCq/view?usp=drive_link
